Username,Password
10001,admin01
10002,admin02
10003,admin03
10004,admin04
10005,admin05
10006,admin06
10007,admin07
10008,admin08
10009,admin09
10010,admin10
10011,admin11
10012,admin12
10013,admin13
10014,admin14
10015,admin15
10016,admin16
10017,admin17
10018,admin18
10019,admin19
10020,admin20
10021,admin21
10022,admin22
10023,admin23
10024,admin24
10025,admin25
10026,admin26
10027,admin27
10028,admin28
10029,admin29
10030,admin30
10031,admin31
10032,admin32
10033,admin33
10034,admin34
samit,admin2
samhr,admin3